5.4279,2.5123,2.3636,2.3334,1.0058,0.8494,0.4475,1.3607,1.9935,2.0187,5.5526,0.7429,0.6480,0.6480,0.6460,0.7761,2.6732,2.3271,0.8282,3.0423,0.5777,6.1696,2.9177,1.3646,
1.3849,1.0761,2.8158,0.5820,0.9784,2.6377,1.3336,2.8081,8.1286,0.8521,5.3406,2.1688,5.5270,4.3146,5.7248,0.7868,0.6258,2.1189,0.2650,0.1945,2.4102,1.2038,1.0478,2.7438,
0.6837,1.1183,0.9949,0.0678,0.4568,1.0703,1.9860,2.6970,1.2001,0.5548,3.9159,3.0586,1.0873,4.1680,1.5295,4.2187,1.4301,9.6444,5.7452,8.5300,2.5151,5.1059,0.4990,0.5377,
0.7302,2.8957,2.7180,2.6873,0.4385,3.2028,1.9313,0.4422,1.1009,2.5749,1.6201,0.8322,2.6942,5.1909,5.1945,1.6321,1.3207,2.8453,6.2046,3.4109,0.7592,1.0360,1.4163,2.8879,
1.4162,1.1580,2.8255,0.6504,0.9696,3.1537,2.8175,3.1384,4.4625,6.5813,1.9348,3.1249,3.5243,5.1055,1.8323,1.1439,5.3225,4.0101,7.8638,0.8536,1.0670,1.3738,1.0010,2.0799,
2.8757,2.4565,1.1399,0.5914,4.4729,2.9024,3.1767,1.3594,6.6125,10.2959,3.0046,4.7509,10.0117,5.4043,0.9679,7.8558,6.0195,7.0363,2.6770,0.6583,0.5906,0.6832,2.8488,1.0214,
1.1075,3.4289,0.8300,3.1961,1.4382,0.9950,2.9466,0.6604,1.0220,1.4274,1.4210,1.0193,1.4239,1.8599,1.0321,1.0588,1.0288,1.4016,1.0506,5.1237,2.9268,1.3357,2.8710,1.9242,
3.3229,0.6393,2.4713,1.1218,1.1506,2.8555,2.6771,4.6976,2.9949,2.9760,2.9114,2.9264,7.5560,3.2781,3.2683,1.1347,0.7037,2.5638,2.6199,2.8915,4.7453,0.6401,3.2726,1.6459,
3.2754,1.1347,3.3111,2.4828,0.6083,0.9954,3.5825,0.9292,2.5315,2.9401,0.9527,1.2703,2.5608,3.3119,1.3883,0.9966,0.6596,4.5207,0.6084,0.6306,0.6350,0.7101,3.0195,0.1930,
0.8503,3.1010,1.0544,1.3525,3.2169,2.6658,0.5652,0.0368,0.5560,2.3511,7.2175,2.9481,0.7033,4.4507,6.1043,2.5876,0.6916,2.7530,0.1690,0.3190,0.7240,2.5360,0.2025,1.0212,
0.1153,0.6790,2.6379,0.6579,0.5673,2.4128,3.1379,0.9639,0.8407,4.7853,5.7030,3.3345,1.1326,3.2131,3.0889,2.8417,0.5913,3.1843,7.0443,3.8443,1.3327,3.1856,1.3957,1.0344,
2.5181,9.2964,2.8276,2.8468,2.9081,4.8002,1.4144,1.4157,3.2650,3.0928,3.0202,2.8758,2.4892,4.7344,2.8033,1.8361,1.1624,2.8288,0.9798,7.6984,2.8894,2.8936,3.2349,1.3766,
2.0928,2.4750,1.1338,2.7470,0.9647,2.7934,2.3894,1.0326,1.4172,1.1765,3.1825,3.2128,2.7856,1.3296,0.8136,4.6580,0.9297,2.7461,5.1392,1.3753,1.0052,4.3330,1.4170,5.6730,
3.2495,1.4018,1.0201,1.3614,3.2086,4.1009,3.1249,2.4520,2.8285,4.3121,2.8308,0.5726,2.8392,1.1510,0.8696,2.8965,1.0568,0.6533,1.6108,0.9605,1.2768,0.9607,3.5242,0.8620,
1.5923,3.3393,2.8751,2.9938,1.4208,3.2568,3.2422,3.2017,1.0210,5.0693,9.7705,3.0603,1.5033,4.8557,0.7315,5.4156,3.2568,6.9019,5.1953,0.9993,1.0317,1.0650,1.0476,0.9885,
0.9735,0.4530,0.8577,1.4117,0.1601,2.0668,1.1591,2.7721,1.0513,3.1047,2.3086,5.1725,5.1776,0.6491,0.6172,0.6706,0.6584,1.4203,2.6548,8.0546,1.5066,1.5602,2.7274,2.0160,
2.8859,1.9841,0.5879,1.9311,0.4494,1.9395,2.8178,0.8695,1.8457,4.8261,0.5624,5.7183,7.4501,0.6037,0.6013,2.7977,2.6960,2.4008,5.2088,2.9336,3.5994,3.1594,3.5466,5.3830,
1.1668,1.6108,3.4396,2.8417,0.7647,1.0335,2.8576,1.0548,2.8053,3.4858,8.1995,9.5511,5.6801,1.1245,1.0947,1.0550,1.8588,3.8251,0.8858,1.2814,2.7320,1.5224,1.6033,0.8380,
2.2882,4.5273,0.4398,0.7629,0.5773,1.5782,4.6420,4.9553,4.7031,2.5191,4.5371,1.8257,3.3640,1.8446,1.0217,2.7111,3.2966,4.3233,8.6068,3.3367,2.8811,4.7810,7.1950,3.2694,
5.0687,3.4624,1.4441,2.3368,2.5817,3.1733,4.9012,4.5942,4.7870,5.7405,3.0984,3.1496,2.2166,5.4868,5.1517,0.9473,9.2140,2.7459,1.9220,4.1471,0.7592,0.7488,5.1403,1.1685,
4.6276,1.3599,0.9646,5.9948,3.1542,0.8995,0.9614,0.9608,2.8518,7.7606,2.8979,3.6598,1.2437,1.6661,1.5008,0.6276,5.7044,3.2131,1.1531,1.6511,1.3690,2.7535,1.8382,1.4569,
1.4777,2.6831,2.4071,2.8677,4.6926,2.4513,3.0696,2.8153,4.9969,2.2840,1.3968,2.6053,2.0445,1.4309,0.7677,1.1908,1.3148,1.0909,1.4537,7.9926,6.0666,1.0874,3.2804,3.2936,
1.0468,3.2131,2.6758,4.7688,2.4279,1.1330,1.0788,2.7456,1.4471,2.0474,6.4136,1.4588,1.0788,1.3277,1.0215,0.9269,0.9498,9.3085,5.4136,0.6969,0.7006,2.5131,3.2277,1.4038,
0.9349,1.1134,1.4132,2.7885,2.6469,3.1436,2.1027,1.1499,2.6740,1.5811,7.4968,2.4985,0.8757,2.5132,0.6730,0.6638,0.7325,1.9160,0.6400,2.1531,4.5590,1.8434,2.9451,0.5623,
3.1682,0.5374,0.9855,0.8298,2.9232,4.3501,3.4776,3.1406,6.7206,4.1736,7.5786,0.9598,2.5392,5.3057,0.6495,0.6461,0.6542,3.7913,1.0797,5.3475,2.6720,1.1293,1.4186,2.4565,
2.5199,0.6527,0.9769,2.8060,1.7030,1.0257,3.0516,2.8469,5.2057,3.2677,5.1743,1.8299,0.5687,5.1342,2.8684,5.5736,1.7232,2.1667,6.0795,4.7397,0.6837,1.3630,8.0018,0.0901,
0.6595,0.3218,0.9874,2.4065,0.7393,1.5140,1.8869,2.8032,1.0777,0.7204,0.8295,2.6711,1.4115,0.7603,0.7421,0.7567,0.7324,2.9826,5.3397,2.7504,5.3508,4.6283,2.5919,2.9142,
2.7430,1.5779,2.3314,1.4353,0.4247,0.5732,0.5050,1.7093,3.3241,6.5571,1.4352,1.1817,1.9799,1.0313,0.5823,1.5735,0.6472,1.7614,3.2395,3.3219,2.7485,2.6030,0.6647,0.6214,
1.9372,3.3202,0.4522,1.3328,0.5827,1.5339,1.3615,1.4462,0.9700,4.1347,7.4076,1.5451,2.9035,0.4979,5.4787,0.8881,7.8926,5.2890,4.8084,2.1081,2.8375,3.2726,2.8891,4.8401,
1.1255,0.7169,3.2418,2.8450,2.3146,4.5374,2.8301,2.8021,2.9134,1.4163,7.2015,3.2204,4.0666,1.3451,0.7423,0.6448,0.6433,3.3658,0.8464,5.8544,0.9139,4.8176,3.3246,3.3520,
0.1723,0.6588,0.6595,2.2526,3.2350,1.0464,3.7428,0.0971,0.5965,3.2441,5.5060,0.7408,0.9788,0.8840,0.8723,0.3935,0.1466,0.8894,4.8302,0.6559,5.1306,1.1229,5.1270,1.0186,
0.2288,0.9869,4.6976,0.4316,2.5479,2.5702,1.3162,2.7759,0.6406,0.6853,2.7820,0.9923,1.0478,3.3256,0.6295,0.6299,3.2289,2.8387,0.9179,0.6478,0.7181,2.0526,0.5092,1.0157,
2.0725,0.6413,1.3482,3.1839,2.2943,0.6628,2.2184,0.0533,2.8069,9.4068,2.9657,2.7188,0.7793,3.6618,2.9925,0.8221,0.3434,0.8458,0.9152,5.4355,1.9740,0.9650,2.7524,0.8861,
2.6631,0.5482,2.4598,2.5674,0.4476,0.9714,2.7898,2.7849,1.3930,1.4320,0.7865,0.1162,3.8393,0.6470,0.7619,0.6981,0.5870,2.1996,6.7283,5.2855,2.4908,3.2088,1.1299,0.5911,
0.2792,2.0735,2.6393,3.2936,1.9133,0.0462,1.3324,5.0636,0.1068,3.3932,1.6052,0.1386,0.3042,5.7578,5.2971,0.6309,0.6257,2.1486,0.6953,2.7076,0.3143,0.6784,0.6560,0.1070,
2.7270,2.8600,2.2753,0.7057,1.3581,3.1752,0.9598,2.7765,0.9677,4.2470,2.2989,5.9902,2.2191,1.6646,0.3336,2.4916,2.0562,6.1902,2.8498,1.4939,1.0441,0.9746,1.0641,1.8879,
3.4084,0.8493,2.5599,0.2139,0.9781,2.8066,0.7890,1.3390,1.7601,3.7021,5.4478,1.7848,3.2404,1.5016,1.3886,3.2194,1.7564,9.0730,1.5624,6.0200,6.0846,4.3042,2.4656,1.3974,
0.5429,2.9906,4.7396,2.8379,1.8423,1.3389,6.1452,1.0142,3.7661,5.4243,2.5425,2.1713,0.6802,0.9107,1.5533,1.6377,0.8769,0.7891,0.2328,2.5805,0.7953,2.7830,1.0383,2.0161,
1.0332,3.2653,3.6405,2.3274,2.8310,4.6774,2.8233,2.2774,4.7595,3.9903,2.5849,0.7586,1.5259,1.4978,1.4138,0.7401,5.6484,7.2111,3.5138,3.0860,5.1095,2.7765,0.9913,1.0593,
1.0574,1.0877,1.0176,0.6080,0.9783,2.5901,2.0770,1.1417,3.3020,1.2684,1.8528,3.2285,1.4429,3.2762,3.1200,1.5114,3.0031,2.9372,1.4550,5.9307,2.9374,1.1567,1.0878,1.0561,
0.8060,1.4626,3.3102,5.3268,2.1403,2.8116,1.3511,2.9109,3.2376,1.8040,3.2766,2.8586,3.6814,5.6778,1.4081,6.2616,7.5106,4.0953,6.1330,1.7965,1.4612,1.1396,2.7572,3.0909,
3.3568,2.1964,5.5431,1.4547,1.4554,1.4367,2.4999,2.8516,3.8855,6.4453,3.7346,7.9170,8.0737,5.6008,5.6441,1.2480,3.2306,2.5750,5.8806,3.0676,5.6201,1.0493,2.4336,2.5954,
3.2861,3.2625,3.2500,1.0158,3.0441,3.0600,4.6805,1.2462,6.5350,3.2810,6.5520,1.1206,2.5914,1.1709,1.5314,7.7977,1.4168,2.0846,2.9622,7.7836,1.4374,2.8724,1.3982,1.2622,
0.7232,1.0101,2.7666,0.5710,1.2344,1.3344,1.3285,1.4881,1.8622,3.4023,8.6996,3.6123,4.6161,1.4914,1.4874,1.3800,1.3792,3.2227,1.0667,0.9036,5.5880,4.0632,3.2315,3.2409,
3.0174,3.1927,2.9997,2.8035,2.4167,2.7777,2.8998,5.0518,2.7525,5.9625,4.5282,3.6993,1.6874,0.6266,3.1852,3.2625,2.8661,1.7937,1.8622,1.5638,3.5484,5.3062,2.8453,4.9654,
4.3951,3.0691,5.0671,1.4170,2.9506,2.1570,2.5614,2.8224,2.6627,4.2398,6.6873,1.1186,1.1406,1.4011,1.4302,3.0711,4.8917,1.9491,7.8379,1.1842,3.2953,1.0130,1.2211,2.8547,
2.8703,2.4266,2.8403,0.9782,1.3634,1.4609,1.3474,1.3536,4.7831,3.8018,1.9882,3.4256,3.8970,1.0217,2.4481,2.4714,0.6166,3.6618,0.5406,5.3686,5.2889,0.6709,2.5726,0.6371,
0.6270,0.5601,0.5769,2.9578,0.6708,2.4051,0.5677,0.5646,1.1007,9.4281,5.8136,4.0405,3.1108,2.8366,2.8441,2.4270,1.5168,4.5854,0.9821,1.1420,1.0482,0.6217,2.0175,0.8078,
2.9755,2.8480,0.4556,0.5555,2.8332,2.8363,2.8257,2.7706,2.5378,2.3704,1.3839,1.2501,1.2777,3.2868,2.5145,0.6549,0.8025,4.1724,3.1944,1.1372,4.1135,2.9362,4.6811,1.1815,
1.0318,0.8322,0.5810,2.2577,2.2292,3.2295,1.0466,3.1277,3.2149,1.1565,3.0654,3.6879,5.3322,4.3121,2.7432,0.7308,0.7314,7.3424,6.9264,0.8464,0.8166,9.6563,1.4209,3.2436,
1.3803,2.8458,2.8522,3.1738,3.2565,3.2525,4.8085,2.8395,1.7994,2.9781,1.0374,1.9583,2.8309,1.0141,0.8088,0.2248,0.1780,0.2526,0.1566,0.7631,5.3426,1.1201,3.3064,1.1636,
3.1412,1.7702,1.3424,0.7203,0.5704,0.9217,1.0902,0.0540,2.0899,2.8248,1.1413,7.8928,0.8520,5.8977,5.3099,0.6720,0.8142,1.9412,5.2481,0.7217,1.0872,1.1833,0.6913,4.6109,
1.3747,0.0606,0.6089,1.3497,1.3447,1.0026,2.4753,0.0543,5.2491,5.4072,0.6612,1.1894,1.4969,0.6429,0.6541,5.2600,0.7592,5.3270,0.6742,5.3917,5.2211,2.9318,1.1044,2.4127,
1.0277,0.8717,2.5108,4.0255,2.7966,0.6931,1.0566,0.4608,1.4064,0.7049,3.4670,2.5120,0.6752,1.2339,7.0458,7.0484,2.4381,0.5929,0.6219,0.8027,1.5793,2.4389,0.7374,2.6596,
0.5507,2.8298,2.3199,2.4586,4.2879,0.7986,1.4351,1.3875,10.7793,1.3959,3.7240,1.7749,0.8310,0.8465,1.0438,3.7248,3.4111,1.5477,0.6557,1.1040,7.4976,3.0831,2.8174,1.3737,
3.3277,2.6917,2.4778,3.1606,1.3677,0.0675,0.5901,2.8136,0.7827,5.2805,1.6170,0.9910,0.9518,4.6820,7.5821,0.9306,1.4762,0.7631,6.8371,5.2748,6.9048,1.2382,0.9021,1.0217,
2.6999,4.7380,1.4515,0.5516,0.4582,2.8142,2.7430,3.3467,1.1299,1.2585,3.3084,2.5347,2.9297,5.3689,1.2318,1.3454,2.0798,5.1957,0.8603,0.6900,4.0305,2.9042,7.1340,1.8197,
1.1704,2.8587,2.8691,0.9839,0.5974,0.5912,2.7750,3.6654,1.4201,1.2249,5.3183,0.6464,0.7331,0.6490,5.3513,0.6100,0.7277,1.6070,2.5453,6.2099,2.4448,2.6850,2.7279,2.9692,
4.7336,2.8952,0.9936,1.0695,1.3596,3.3111,2.9679,3.2003,5.5605,3.1743,1.3521,0.5845,0.9792,3.1529,2.4808,2.7687,0.5754,3.1464,4.2983,0.6713,3.1974,0.9500,1.5081,0.7173,
0.1079,2.2356,0.6194,0.4131,3.7715,3.1511,0.6645,2.7821,2.4268,8.2539,9.5085,4.3755,0.5866,5.6413,0.2230,0.0907,0.0770,2.2814,3.9829,4.6700,4.8202,1.1743,3.2060,2.1883,
3.0411,1.4681,0.5903,1.1130,1.4288,1.4385,1.3504,4.6708,6.8360,4.3598,0.7331,0.6605,0.6488,1.1891,5.3461,0.6342,0.6338,0.6334,0.6726,0.7688,5.3388,2.9846,4.8001,1.0269,
0.7111,2.8693,1.1749,2.8154,0.9696,1.1355,2.9451,1.0351,0.9459,7.2463,4.1843,4.5614,1.8630,5.5907,0.6245,0.6503,2.4981,1.8964,0.6207,0.7472,3.2849,1.0993,2.4762,0.7682,
3.2264,4.9971,5.0092,4.7700,2.8014,3.1833,3.1769,5.4877,4.6479,7.6174,1.5909,5.4725,0.7103,0.8326,2.5098,0.6301,0.6261,3.3009,1.1546,3.3767,2.8627,1.4578,2.4432,1.3806,
1.0120,2.3184,0.8367,2.5564,0.9561,2.4434,1.3324,1.1725,2.8409,1.5989,0.7540,1.5196,1.0775,5.2302,0.7402,0.7403,0.7381,0.6642,0.6424,0.6437,5.4404,7.3688,2.8882,0.9896,
1.3515,4.2787,2.8318,3.3077,3.2414,1.7280,3.2923,8.5804,2.7510,0.9679,3.1786,0.9511,0.9637,1.3520,1.0526,1.4180,2.7780,0.9724,1.9756,0.7036,5.3856,3.5317,0.9272,2.7838,
5.1490,3.3939,2.8460,3.3874,3.2892,5.0991,1.9009,0.6875,2.0262,1.7692,5.9854,1.1011,4.7716,2.0189,2.0189,0.1711,4.7191,3.3720,0.2014,6.7681,2.1264,2.1688,4.8045,4.8921,
3.9603,0.2018,0.2003,3.1051,2.7568,0.1980,0.3794,2.0379,2.0429,2.2296,0.1363,1.1038,0.3810,0.8005,2.6999,0.1346,0.1357,0.1369,1.9909,2.0073,0.2447,0.3234,5.3950,3.3370,
0.5964,2.4109,0.5824,4.9997,0.6655,2.4306,3.1678,0.6722,0.0623,0.6976,3.1862,3.2147,0.5529,0.5520,0.1288,0.1198,0.0245,0.0245,0.0472,0.0482,0.0657,0.1198,2.7737,2.8109,
0.1729,2.6253,0.1996,0.8077,0.0820,0.0826,2.0427,0.1724,0.1188,3.1600,2.6046,2.7208,0.1014,0.0511,0.0919,0.0909,0.0877,0.0731,2.5767,0.3173,0.3665,0.3250,0.3888,0.1965,
0.0889,1.9448,0.1391,0.0607,0.0612,0.0610,0.2428,0.0614,0.0606,4.8992,4.8239,0.0461,0.1149,0.0234,0.0233,0.0471,0.0465,0.0472,6.4592,4.7225,0.0901,0.2647,0.2711,0.3456,
0.2214,0.2873,0.0289,0.0240,0.1186,0.0282,0.0283,1.9983,0.0329,1.9161,0.3214,0.3225,0.1829,0.1835,5.5081,0.1818,0.2132,0.2706,0.2074,0.3147,0.2348,2.0808,0.4095,2.0881,
4.7437,2.7352,0.1420,4.6192,2.7244,2.4448,4.6523,4.6227,2.7770,0.7591,0.2350,0.2941,2.8673,0.1907,0.1900,0.1904,0.1910,0.1911,0.2329,0.3284,0.2126,0.2334,2.8191,0.2301,
3.8011,0.1532,0.1511,0.1520,0.1515,2.0230,0.1518,2.0381,2.7806,0.2565,4.1339,1.0153,8.8928,0.3540,2.8371,0.3364,0.2261,2.1020,0.3629,0.3273,4.8933,0.3555,0.3380,2.1456,
2.8767,0.2699,3.7438,0.2754,2.0476,0.2567,0.2130,0.2501,2.0182,0.2510,4.6071,0.2180,3.9982,1.3604,0.2763,6.6996,0.3886,0.2101,4.9019,2.8560,0.3248,4.9084,0.2911,3.2858,
0.2784,4.5399,0.2724,2.0384,0.1849,4.6495,2.7812,0.1847,0.1873,0.2764,0.3082,2.8308,0.9834,2.8365,0.3237,2.8404,0.2334,0.2260,0.2261,5.0127,0.3949,0.3659,0.3700,5.0096,
4.9150,0.2910,0.3789,0.2905,4.8541,2.9644,0.2852,0.2016,0.2943,0.2912,2.8021,0.1989,0.1984,2.8828,0.2544,2.2181,0.2122,1.7644,0.7398,0.2605,0.2093,0.2271,0.2815,0.2715,
4.9068,0.2036,0.2388,2.0228,0.1369,1.9951,0.1372,2.0032,0.1447,9.2517,0.3062,7.5749,3.2622,2.1075,1.0833,0.2168,6.0974,4.7899,0.2115,0.2439,0.2577,0.2598,2.2884,4.8236,
2.7808,0.2459,2.1097,0.2351,2.8426,4.5801,1.7961,0.1447,2.7580,2.7369,2.8363,4.9651,4.6962,0.3871,0.4000,0.4710,0.2578,2.1010,0.2225,0.2661,0.3428,2.1943,0.2906,3.8397,
0.2602,2.0178,0.1390,2.1084,0.1470,2.7318,0.1387,0.1408,2.0441,4.3627,0.2155,4.8116,5.2849,5.0231,2.0368,2.0546,0.1600,4.9028,2.1274,2.8540,4.7420,0.2631,0.2630,4.7096,
2.8403,0.1328,0.1322,1.9987,4.5944,4.5714,0.1261,0.2156,0.1265,4.8435,4.8514,0.1565,0.1432,0.1429,0.1433,0.1427,0.2446,0.2336,0.1478,0.1602,4.5243,2.1091,2.1352,4.1278,
4.7104,4.6114,4.0151,2.8106,2.7228,4.5388,2.7971,4.5754,2.7099,0.1776,0.1200,0.2125,0.1192,0.1210,0.1194,0.2177,0.1190,8.2198,0.5481,2.8452,2.1204,2.2095,4.8635,4.6953,
2.8600,0.1279,0.1263,4.3761,0.2129,0.2096,0.2097,0.2101,2.0077,0.1698,5.2371,2.7371,2.7391,0.1202,0.1198,2.7519,2.7474,8.6026,0.2039,0.2440,0.2412,2.8589,2.8349,0.2392,
0.2474,0.1621,2.7646,2.7582,2.0153,0.1452,0.2508,0.1747,2.0255,0.1729,0.1711,0.1707,0.2089,0.2735,0.1683,0.1691,0.1697,0.1851,3.4140,0.2388,0.1502,0.1506,0.1489,0.2276,
4.8579,2.0343,2.0277,0.1484,0.2294,0.1401,2.0068,2.0003,0.1400,7.2369,0.6557,0.6582,0.6586,0.6576,0.7475,0.6573,0.6549,0.7240,0.7287,0.5543,0.5567,2.5354,0.6529,0.0987,
6.7288,0.2504,2.0468,0.1610,0.4110,2.0276,0.1328,2.0047,1.9262,0.0487,0.0479,0.0478,0.0474,0.0487,0.1836,1.3050,2.4917,2.5560,2.4666,0.6274,0.6200,0.6120,2.7230,2.5389,
2.5057,0.6424,2.5310,0.6336,0.6348,0.6364,0.6366,0.6317,1.4669,2.4838,4.7979,0.1194,0.1180,0.1184,0.1182,0.1183,0.1184,0.2118,0.1198,0.2112,0.1205,0.1204,2.0129,1.9402,
0.0571,0.1102,1.9114,0.0214,0.0224,0.0223,1.8868,1.8774,1.9712,4.6550,3.2073,3.1760,3.2095,3.1992,2.4557,0.5792,3.2058,0.5761,2.5583,3.2763,3.2456,3.3596,0.2261,0.2189,
2.7404,2.7257,1.2305,3.5330,0.1145,0.1143,0.2085,0.2041,2.0275,4.7162,0.1378,0.1365,0.1378,1.6429,2.7678,0.1377,0.1369,0.1387,0.2266,0.1997,2.7791,4.7607,2.8102,0.4151,
7.4857,0.1973,2.7607,0.1982,0.1081,2.7203,1.2530,2.7316,9.3059,0.2851,0.1732,0.1751,0.3622,5.3774,0.7771,2.6209,0.8306,0.8070,0.7815,0.7766,2.5078,0.8267,3.3859,3.6659,
5.4331,0.6503,0.6493,2.6026,3.2072,3.2124,5.3706,2.5550,0.6911,3.2444,0.6457,0.0203,0.0197,1.8931,0.0202,0.0198,0.0194,2.1674,0.2427,2.2016,0.2440,0.2444,0.3335,0.3334,
2.7490,2.7483,1.9996,0.1078,0.1072,4.6430,2.7208,0.1075,2.7085,4.7381,2.8488,0.3605,0.3565,0.2681,0.2671,0.3567,2.8563,1.7970,0.2737,0.2696,0.2708,0.3059,0.2277,0.2756,
1.9112,0.1190,2.8326,0.1152,0.1147,0.7860,0.5733,2.8187,0.7261,2.9146,4.6323,0.2353,2.7590,0.1384,1.8447,0.2290,2.7351,0.1220,0.1210,0.3741,0.2907,0.2967,0.3008,0.3071,
6.6079,2.7254,0.1078,0.1086,2.8084,0.1981,0.1084,2.6937,2.6917,0.2884,5.3702,3.3843,3.3075,0.6836,0.6877,0.1961,3.2868,0.1571,2.6290,5.1632,0.1594,0.6887,7.1208,0.7781,
2.6471,0.6420,0.7274,0.6371,0.6360,0.6386,0.6390,2.5123,0.6337,5.1686,0.7383,0.7106,0.7127,3.3526,3.3171,0.7155,3.2879,0.7404,0.7388,0.7388,3.4628,0.9137,5.4998,7.1752,
0.6456,0.6432,0.6431,2.5135,3.8307,5.1271,5.0801,0.6376,5.0417,2.5252,5.2363,3.2752,3.2699,0.7278,0.6962,0.6896,0.7787,0.7744,0.7776,0.6859,0.6917,0.6901,9.8781,7.9392,
0.6425,2.4937,3.2453,0.6398,7.0549,3.2639,5.1754,5.1248,7.1666,3.4593,0.8764,0.6853,3.2691,2.8503,0.7825,0.2974,0.2185,2.0657,2.1065,5.7896,2.9619,4.8788,4.9247,4.8715,
0.1931,0.1207,3.7998,0.1191,0.4819,2.7814,2.6980,2.0190,4.6435,0.1592,2.7837,0.1453,4.5979,1.9891,0.1421,0.2368,0.2315,9.3827,0.2933,0.3198,0.2683,2.8600,0.3690,0.3593,
2.0002,0.1230,0.1205,0.1221,2.0000,0.1204,2.0652,0.1213,2.2211,0.2949,2.7524,1.2498,4.6564,4.6936,2.8018,4.6792,0.2799,0.1891,0.1896,0.1891,6.3889,0.3456,2.8657,2.9335,
0.3074,7.3745,0.2113,0.1168,2.0047,0.1156,0.1158,2.7807,4.0121,0.2992,1.0455,0.1646,0.2530,0.1641,0.1638,0.2529,0.1869,0.2199,0.1938,0.3032,0.2281,6.7742,0.2904,2.9490,
0.3778,0.8045,1.9032,4.5144,1.8912,1.8904,2.6226,4.3246,2.9161,4.7768,2.8584,2.7682,4.5702,3.8993,0.2807,2.0518,0.1462,0.1467,2.0827,2.7987,2.2281,4.3408,2.9261,2.8570,
2.0633,2.1074,0.2343,4.5761,1.9745,0.1454,0.1438,4.2792,2.3084,0.3898,1.1679,2.8465,0.1445,0.1447,0.1444,0.2315,1.9904,0.1420,2.0816,4.7947,0.2491,0.6162,0.3971,2.1783,
0.2472,1.2356,4.6274,0.1190,0.1184,4.5597,1.9138,0.2469,0.2866,0.1751,0.2346,0.1434,0.1432,0.1430,0.2346,0.2282,0.1426,0.1439,0.1433,0.1908,0.2067,0.3000,0.2864,2.1497,
0.2512,0.0690,2.7631,0.0682,2.6324,0.1162,0.2084,0.0751,0.0812,0.0732,4.8833,0.1967,7.3779,0.2403,2.1649,0.3331,2.2261,0.5233,1.6631,0.3098,0.3948,2.0968,2.8626,0.3589,
2.0374,0.0683,0.1539,4.5330,2.5963,1.8457,5.5965,3.3571,3.3450,5.2246,3.3532,0.7492,0.2175,0.3803,5.6107,2.2133,0.3335,4.9363,4.0100,0.8705,0.3849,0.8726,2.2339,0.8942,
0.3596,2.4089,0.6408,0.1479,2.4261,3.1431,3.3242,0.0331,0.5610,5.3436,2.7296,0.7998,0.8069,0.3359,0.3100,0.1748,0.1728,0.2691,0.7867,0.2969,3.3566,0.2230,0.2244,0.2257,
2.5782,2.5121,0.0330,5.0077,0.5513,0.5553,3.1794,3.2052,0.8260,0.7908,0.1422,0.1430,0.1413,0.6693,0.2334,0.1417,2.5558,0.1407,0.2516,0.2652,0.6543,0.6583,0.2393,0.9483,
4.5972,0.7363,0.6472,0.1279,0.6469,3.2393,3.0730,0.1532,0.1430,2.0784,0.3083,5.1969,0.2023,0.2250,0.2080,0.6432,0.2433,0.1861,0.8216,0.7243,0.2186,0.2504,1.1363,0.8539,
0.2011,0.6575,0.6660,2.1043,0.6570,0.1318,0.1207,3.2769,0.7419,0.7363,0.2709,0.3135,0.7269,2.0645,0.2908,0.1818,0.1342,0.1340,0.2285,0.1971,0.6636,0.1346,0.3006,0.8111,
0.6459,0.1131,0.1118,2.6054,0.6337,0.1136,0.6397,0.6351,1.0393,2.8233,0.1846,0.7032,0.1831,0.2285,0.2042,0.1350,0.1369,0.1369,0.2915,0.1393,2.7587,5.5921,0.3300,0.3163,
0.6582,2.5240,0.7541,3.2681,0.1374,0.1371,0.6645,0.2467,5.4259,5.3863,0.6968,0.6917,3.3672,0.2550,2.7628,2.7772,0.1626,0.1617,0.1623,0.2528,2.8012,3.2850,0.2395,0.2356,
0.1430,2.5439,0.4222,0.6704,0.6705,2.5340,3.2654,0.2725,5.4106,4.6481,0.7140,3.2567,0.2008,0.2742,3.3261,2.5818,0.4483,0.1825,2.0576,0.2738,0.2604,0.1757,1.7486,0.2595,
0.1505,3.2554,0.1142,0.6387,3.3256,0.2047,1.9664,2.7103,0.6884,0.3755,0.2335,0.7550,0.1410,0.7063,2.5571,0.6997,0.4200,0.2728,0.6941,0.1608,0.6909,0.6846,0.6916,0.8704,
0.1188,0.8281,0.6434,0.7322,0.7317,2.5963,0.7256,0.6612,0.6623,0.5273,0.6669,0.6688,0.6636,0.1402,0.6674,0.1397,0.7637,2.6480,0.1394,2.0226,0.1393,0.2430,0.7745,0.7407,
0.7176,0.6466,0.7546,0.7395,0.2051,5.3177,0.6493,0.6378,5.3888,5.2772,2.1520,0.6692,0.1407,0.3431,0.7676,0.7539,0.7504,0.8406,0.8425,0.8008,2.5764,0.7172,3.4333,0.6875,
0.6840,2.5336,0.6873,0.7001,0.6826,2.6334,0.7761,2.5562,0.6877,5.2764,0.6987,0.7257,0.7670,2.6240,2.6128,2.7190,0.7951,0.1753,0.1772,0.7101,0.7063,0.1786,0.7665,1.2575,
0.7883,0.6975,0.6969,2.5668,0.6949,0.6870,2.5665,0.7060,0.8235,2.5995,0.6946,2.0303,0.6860,0.8091,0.1652,0.1657,2.0299,0.1651,2.0231,0.1650,0.1801,0.2043,0.2051,2.1258,
1.7589,0.2043,0.2145,0.1159,0.8657,0.1311,0.2080,1.9562,4.8737,0.2146,0.2745,2.1402,0.3087,2.1979,2.9411,2.8758,0.2556,0.2548,0.2147,2.7676,2.0375,0.1869,0.2979,0.3183,
0.6311,0.1276,0.5179,0.1189,4.5494,2.7082,1.9623,2.7061,0.2784,2.1594,0.1660,0.1641,2.0373,0.1648,0.1642,1.3939,2.0424,0.2603,2.8578,0.2669,0.2703,2.2433,0.3352,2.2669,
0.2363,0.1851,0.6074,1.3186,1.6098,0.7050,0.1632,0.1620,0.1621,0.1905,0.1890,0.1877,0.1643,2.7678,0.1645,0.1645,4.7351,4.4924,0.3443,4.9710,2.1284,0.2525,0.2069,0.2475,
0.3036,2.0978,1.3952,1.9964,0.1398,0.1394,0.2386,0.2435,0.2787,2.0497,0.1908,0.1892,2.0659,2.0717,2.0792,0.2458,0.1892,0.1881,0.1881,0.1884,2.0676,0.1890,0.1904,0.1891,
0.2348,0.1540,2.0136,0.1439,0.1455,0.1445,2.0963,0.1436,0.1454,4.8064,0.1957,0.1990,0.1977,0.1977,0.3396,0.3353,0.2866,0.1955,0.2328,0.2326,0.2316,0.2378,0.2079,5.0655,
0.2379,0.2651,0.1670,0.1671,0.1671,2.0493,4.7362,0.1671,0.1669,4.7586,0.1920,0.1913,1.2994,2.0205,2.0268,0.1682,0.1683,2.7916,2.8255,2.1278,2.8866,2.1132,5.0661,8.9404,
2.8347,2.3547,2.8313,2.7434,2.7959,2.0013,0.3041,0.2038,2.0518,0.2910,0.2034,2.0843,2.9358,1.6941,0.2425,0.3314,0.2878,2.1346,0.2552,0.2534,2.1375,0.3615,0.3221,0.2245,
0.9924,0.1505,0.1506,0.1576,0.1548,0.1516,0.1512,0.1513,0.1521,0.1521,0.1864,0.3566,2.1571,2.1792,0.3327,0.3379,0.3662,0.2059,0.2058,0.2058,0.2077,5.4084,0.7581,0.7596,
0.5644,0.5652,0.5679,1.1569,0.6118,2.5029,0.6415,0.6402,2.5162,0.6400,0.6206,0.5529,0.6111,0.6776,0.6707,0.6719,0.5743,0.5735,2.4806,0.6798,0.7728,2.6594,8.6423,3.3901,
0.8329,0.6718,0.6723,3.2779,0.6695,5.2198,0.2336,0.1445,2.7381,0.6941,0.7008,0.8046,0.7131,2.6017,0.7205,0.7265,2.0698,0.2572,0.1655,0.1676,2.1384,0.2955,2.8159,0.2507,
1.9589,2.0469,0.1761,2.0631,2.8043,1.0592,2.0226,0.1808,0.1959,0.2824,0.1765,0.1756,0.1756,2.1418,0.1569,0.1571,0.2496,2.0467,0.1575,2.1075,0.2402,0.3254,0.2394,1.7373,
0.2588,0.1692,0.1672,0.2539,0.2163,0.1664,0.1651,2.4069,2.7874,0.2519,4.7753,0.1781,0.1788,0.3420,1.9072,0.8269,0.9273,0.8273,0.8724,0.8489,0.8492,0.9364,0.9256,0.6521,
0.6484,2.5280,2.5334,0.7449,0.7384,0.6507,0.2594,0.6931,0.6871,0.2781,0.7251,0.7995,0.7394,2.6233,0.2386,0.3362,4.6056,0.1141,0.0215,0.0238,0.0258,0.0234,0.0237,0.0238,
0.0238,0.0236,0.1128,0.0232,0.0242,0.0242,0.0244,6.6493,0.3657,1.3574,4.6292,2.9057,2.7991,1.8983,4.8172,0.2216,2.1765,0.2772,4.8643,0.1998,0.2147,0.3642,2.1667,0.2532,
0.2514,2.0992,0.2220,2.0872,0.2212,0.2221,0.1321,4.9375,0.2306,0.1945,0.0486,0.0471,0.0466,0.0482,0.0475,0.0466,0.1362,0.1604,0.2338,2.7972,0.2265,0.2262,0.2964,0.3771,
0.1446,1.4204,0.2353,0.1458,4.6394,2.0094,0.1410,0.1791,0.2760,2.8800,2.0401,0.0661,0.0662,0.0663,0.1570,0.0663,0.0662,2.0512,0.2564,0.2177,0.2999,0.2177,0.2539,0.2301,
0.2515,0.2051,2.8915,0.1180,0.2027,0.1136,0.2098,0.2588,0.1443,0.2360,0.1893,0.1479,0.2236,0.1888,0.2967,0.2223,0.3069,0.2396,0.2638,0.2356,0.2455,0.3626,0.2939,4.9275,
0.2118,2.0052,0.1228,0.2104,0.1202,0.1202,0.1204,0.1212,4.6374,0.2228,2.8914,0.2082,0.2166,0.2178,4.9699,0.2418,2.7099,0.2044,0.2991,2.0957,0.3211,0.2700,0.2309,0.2340,
0.3314,0.1082,0.0237,0.0235,0.0240,0.0235,0.0237,0.0237,2.7987,0.1997,2.7714,2.5552,0.2136,0.2514,0.3185,0.2935,0.2003,0.1999,0.2006,2.1593,0.2396,0.2467,0.2506,0.4325,
0.1254,0.2168,0.1245,0.1212,0.1210,0.1210,0.1211,0.2037,0.2838,3.0486,2.0563,0.3142,2.1827,6.8014,2.1799,1.7446,2.8333,0.1876,2.1547,2.8291,2.0840,2.8437,0.2162,2.1853,
2.7953,2.7646,0.1368,0.1379,0.1373,0.1370,0.1366,0.3333,2.8589,2.9177,2.9324,2.8337,3.0043,2.0198,0.2900,0.2236,4.6938,0.2075,2.1781,0.2253,0.3167,3.7878,0.2220,2.1207,
0.1354,0.3478,0.1351,0.1308,2.0069,2.8227,0.1323,0.2484,2.8450,0.2211,0.2289,0.3116,0.2096,0.2056,4.8948,0.3048,0.2347,0.2180,2.1007,0.3184,0.2268,0.2591,0.2229,0.2258,
0.2266,0.2143,3.8814,0.1254,2.5819,0.1245,0.2180,5.9438,0.3331,0.3283,0.3218,0.2158,0.2234,0.2250,0.3090,4.8495,4.8028,0.2963,0.2066,0.2054,0.2069,0.3377,2.1642,0.2273,
0.1201,0.1205,0.1204,0.2081,2.8156,0.1168,0.3054,2.8491,2.8295,0.1859,2.8092,2.0479,0.1567,2.8012,0.2894,0.2154,0.2073,0.2072,0.3184,0.2165,0.2174,2.1948,2.1625,0.3219,
0.1182,0.1185,0.2183,0.2082,0.1197,0.1187,0.1188,0.3045,2.1650,0.1722,0.1701,2.0561,0.1706,0.2645,0.2599,0.2246,0.2615,0.1692,0.2174,0.3186,0.2162,1.2923,0.2470,0.3238,
0.1246,0.1241,2.0069,4.7283,0.2150,0.1251,1.6532,2.1145,0.3248,0.2387,0.2315,1.0676,2.1121,0.2432,0.3279,0.2349,0.2290,0.2292,0.3445,0.7557,0.2579,0.2532,0.3484,0.1940,
0.2160,0.1202,0.1202,2.8541,0.2115,0.1205,0.1207,0.1931,0.2347,0.2376,0.2657,0.3498,0.2820,0.3777,2.1494,0.3633,0.2777,4.9258,0.3227,2.1568,0.2761,0.3097,2.1805,0.3777,
0.1451,0.2347,0.1454,0.2344,0.1458,0.2481,0.2370,0.3098,0.2212,4.0279,0.2581,0.2586,4.9617,0.3015,0.2720,0.2417,0.3603,0.2645,0.2643,0.2735,0.3548,0.4153,0.2900,0.3466,
0.1244,0.1245,0.2156,0.2106,0.1220,0.1214,0.1216,0.1216,3.3158,0.2342,0.2422,0.2539,0.2346,0.3332,0.4313,0.2592,0.2914,0.2470,2.7950,0.3400,0.3942,0.3630,0.2326,0.1295,
0.1194,0.1176,0.1236,0.1169,0.1165,0.1168,0.1167,0.2933,0.2184,0.2178,0.3623,0.3673,0.3643,0.3458,0.2297,0.2116,0.2114,0.2120,0.3030,0.2534,0.2311,0.2238,0.2238,0.3313,
0.2459,0.3649,0.1225,0.1226,0.1225,0.1227,0.1224,0.3074,0.2410,0.2494,0.3528,7.4253,0.3291,0.2354,4.9289,0.8553,0.9138,0.2419,0.2420,0.2465,0.2801,0.1901,0.1909,0.1961,
0.2090,0.1181,0.2127,0.1562,0.1183,0.1181,0.1213,0.3395,0.2247,0.8805,0.7882,2.3635,0.9071,0.8278,0.2574,0.3508,0.2601,0.2471,0.8631,0.4677,0.2614,0.8029,0.8811,0.2373,
0.1196,0.1185,0.2070,0.1333,0.1166,0.1168,5.6312,0.3155,0.3007,0.2220,0.2223,0.2882,0.8572,0.8195,0.9181,0.8222,0.1812,0.0891,0.0886,0.8830,0.7885,0.7901,0.2259,0.8621,
0.2449,0.1135,0.2048,0.1137,0.1134,0.1134,0.1128,0.2660,0.2884,0.7786,0.4002,0.8738,0.7933,0.7669,0.7631,0.7556,0.3022,0.8645,0.8328,0.3363,0.4360,5.0022,0.3264,0.2731,
0.1149,0.1115,0.1119,0.2009,0.2006,0.1121,0.1119,0.1120,0.2745,0.2631,0.2580,0.2801,5.0800,4.9319,0.3777,0.3946,0.4492,0.4997,0.8238,0.8185,0.3336,0.3960,0.2887,0.2907,
0.1338,0.1310,0.2198,0.2144,0.3301,0.1476,0.2219,0.2699,0.2651,0.1780,0.3223,0.3073,0.3043,1.8919,0.8639,0.2718,0.3353,4.8473,0.2301,0.3187,0.3068,5.3724,0.3365,0.1113,
0.0290,0.0260,0.1112,0.1141,0.0247,0.0244,0.1972,0.0500,0.0497,0.0357,0.0348,0.1277,0.2192,0.0335,0.0347,0.1254,0.0345,0.0347,0.0347,0.1281,0.2188,0.1729,0.1334,0.0780,
0.0789,0.1711,0.1260,0.0366,0.0369,0.0370,0.0369,0.0367,0.0366,0.1255,0.1234,0.0626,0.0625,0.1284,0.0617,0.0679,0.1579,0.2029,0.2093,0.0584,0.0585,0.0587,0.2627,0.0794,
0.0792,0.1754,0.0375,0.0372,0.0366,0.0369,0.1123,0.1260,0.0371,0.0370,0.0377,0.0362,0.0357,0.0362,0.0360,0.0364,0.0364,0.0364,0.1278,0.2243,0.2131,0.1164,0.0623,0.0246,
0.0243,0.0246,0.0244,0.0245,0.0243,0.0244,0.0242,0.0242,0.0242,0.1421,0.0729,0.0779,0.0757,0.1643,0.1600,0.1605,0.2551,0.0727,0.1619,0.1365,0.1055,0.1659,0.0877,0.0255,
0.0680,0.1649,0.0328,0.0258,0.0256,0.0255,0.0254,0.1142,0.1619,0.1610,0.0466,0.0469,0.2101,0.1393,0.1351,0.0882,0.0610,0.0478,0.0875,0.0877,0.0766,0.0788,0.0244,0.0244,
0.1145,0.1132,0.1129,0.0571,0.0244,0.0247,0.0243,0.1403,4.7121,0.0497,0.0502,0.0498,0.0503,0.0505,0.0504,0.0501,0.0499,0.0495,0.0502,0.1739,0.3381,0.5508,0.5946,0.0365,
0.0676,0.0254,0.0255,0.0257,0.0255,0.0255,0.1381,0.1144,0.2516,0.1391,0.1380,0.1381,0.0501,0.0500,0.0500,0.0504,0.0501,0.0503,0.0500,0.0501,0.2572,0.0504,0.0247,0.0239,
0.1145,0.1135,0.0240,0.0244,0.0244,0.0243,0.0241,0.0241,0.0521,0.0503,0.0499,0.0510,0.0503,0.0503,0.0502,0.0503,0.0504,0.0503,0.0503,0.0502,0.0807,0.0245,0.0492,0.0589,
0.0251,0.0253,0.0253,4.6902,0.1011,0.1140,0.0254,0.0253,0.1397,0.0503,0.0504,0.1380,0.0504,0.0506,0.0504,0.0505,0.0244,0.2105,0.0242,0.0478,0.0476,0.0477,0.1136,0.0437,
0.0254,0.1154,0.0252,0.0253,0.0253,0.0252,0.0706,0.1379,0.1378,0.0506,0.0503,0.0503,0.1383,0.0504,0.0505,0.0503,0.0502,0.1380,0.1414,0.0502,0.0510,0.0743,0.1251,0.0804,
0.0240,0.0328,0.0241,0.1119,0.1142,0.0244,0.0241,0.0240,0.0243,0.1057,0.1122,0.0236,0.0235,0.0233,0.0237,0.1119,0.0238,0.0233,0.0235,0.0234,0.1111,0.0235,0.0238,0.0237,
0.0236,0.1126,0.0234,0.0235,0.0238,0.0237,0.0239,0.0239,0.0240,0.0240,0.1354,0.0239,0.0241,0.0240,0.0238,0.1144,0.0237,0.0237,0.0237,0.0236,0.1127,0.0236,0.0235,0.0232,
0.0235,0.0236,0.0237,0.0237,0.0239,0.0237,0.0240,0.0237,0.0238,0.0238,0.0235,0.0236,0.0234,0.0241,0.0236,0.0238,0.0236,0.0244,0.0236,0.1102,0.0233,0.0239,0.0232,0.0234,
0.0236,0.1123,0.0235,0.0237,0.0238,0.0238,0.0234,0.0238,0.1150,0.1951,0.0235,0.0242,0.0389,0.0389,0.0360,0.0360,0.0352,0.0362,0.0361,0.2004,0.2132,0.0297,5.5001,0.0990,
1.9687,0.0378,0.0330,0.0328,0.0357,0.1017,0.2562,0.0371,0.0638,0.0631,0.0631,0.1329,0.0680,0.0901,0.0668,0.0634,0.7956,0.1414,0.1319,0.0361,0.1330,0.1323,0.1471,0.0346,
0.0469,0.0312,0.0340,0.0348,0.1282,0.0935,1.1147,0.0718,0.0415,0.0360,0.0355,0.0360,0.0356,0.0354,0.0355,3.2128,0.9620,0.7942,0.8247,0.0839,0.8459,0.6264,0.1081,0.0836,
0.0823,0.1236,0.0330,0.0322,0.0322,0.1457,0.1693,0.1696,0.0576,0.1438,0.1430,0.0538,0.6367,0.2141,0.1174,0.0256,0.0240,0.0238,0.0234,0.0238,0.0237,0.0242,0.1722,0.5787,
0.5649,0.0791,0.0330,0.0324,0.0322,0.9476,0.1843,0.1800,0.1593,0.7485,0.1819,0.6059,0.1267,4.7131,0.0801,0.1276,0.0368,0.0366,1.3357,5.3717,0.0784,0.0236,0.0238,0.0235,
0.0235,0.0236,0.2087,0.0336,0.1177,0.1162,0.0934,0.1851,0.1958,0.1270,1.5539,0.5722,0.5903,0.5952,0.6974,0.6036,0.5900,0.6755,0.5691,0.5566,0.5467,0.5357,0.5281,0.0478,
0.1243,0.0229,1.8552,0.1486,0.1389,0.3384,0.1825,0.1757,0.1342,0.1127,0.1087,0.0198,0.7514,0.2588,0.1670,0.0624,0.0622,0.7880,0.6063,0.5704,0.5631,0.5541,0.5436,0.5413,
0.5391,0.0993,0.0363,0.0421,0.0381,0.0362,0.0848,0.3461,0.0353,0.0357,0.0355,0.0357,0.0351,0.6029,0.6196,0.2524,0.1137,0.2105,0.0282,0.0287,0.0285,0.1251,0.0285,0.0289,
0.0290,0.0563,0.1420,0.1473,0.0538,4.5242,0.4872,0.0719,0.0703,0.1940,0.1252,0.0357,0.0359,0.0355,0.0355,0.6527,2.5388,0.2955,0.1834,0.1815,0.0903,0.0907,0.0904,0.1843,
0.1820,0.0905,0.0908,0.0904,0.0363,0.0359,0.0890,0.3503,0.0411,0.0400,4.6196,0.0398,0.0939,0.0943,0.0945,0.0941,4.9797,0.1855,0.7239,0.2157,0.1117,0.0226,0.0228,0.0314,
0.0313,0.0315,0.0312,0.0314,0.0316,0.2444,0.1270,0.1015,0.0645,0.0407,0.0364,0.1268,0.1284,0.0361,0.5086,1.4386,0.7836,0.7776,0.2589,0.0238,0.0234,0.0237,0.0236,0.0235,
0.0412,0.0236,0.0234,0.0237,0.0240,0.0869,0.5146,0.2281,4.6424,0.0765,0.0495,0.0499,0.6789,5.8303,0.0894,0.1321,0.8430,5.4931,0.6398,0.6173,0.1207,0.0284,0.0281,0.0286,
0.0282,0.1197,0.0650,0.0341,0.0351,0.0326,0.0285,0.9572,0.1199,0.8123,0.0449,0.0231,0.0228,0.1172,0.0229,0.0254,0.0221,0.7022,0.6977,0.1650,0.6125,0.1287,0.1136,0.0229,
0.0231,0.0226,0.0223,0.0231,0.2343,0.0687,0.0425,1.1536,0.1638,0.0481,0.0481,0.0483,0.0489,0.6362,2.9805,0.3553,0.3570,5.3324,0.2951,0.2161,0.0782,0.1269,0.1252,0.1241,
0.0353,0.1236,0.0348,0.0347,0.1272,0.0348,0.0348,0.1356,0.1282,1.7680,0.1379,0.1283,0.1700,1.5426,0.6446,0.1184,0.1176,0.1187,0.1185,0.6318,4.9006,0.1845,0.1184,0.0289,
0.0288,0.0282,0.1176,0.0285,0.0279,0.0294,0.1672,0.2951,0.1309,0.0408,0.1345,0.0419,0.1324,0.7832,0.7356,0.8228,0.1529,0.7923,0.4669,4.9140,0.7225,0.5635,0.0537,0.1464,
0.0554,0.0280,0.0472,0.0236,0.0237,0.0842,0.0235,0.0236,0.0501,0.0496,2.3206,0.6602,0.0766,0.0765,0.0771,0.2236,0.6623,0.0749,3.7812,0.6988,0.6862,0.6647,0.6584,0.5655,
0.2251,0.1497,0.1022,0.1886,4.7983,0.0616,0.0980,0.2779,0.0492,0.1378,0.0490,0.0488,0.0487,0.1218,0.2450,0.1953,0.4259,0.6334,0.2378,0.0965,0.1119,0.0581,0.0463,0.0463,
0.1349,0.0457,0.0456,0.0451,0.0731,0.0462,0.0466,0.0457,0.0457,0.0772,0.1812,0.2059,0.0590,0.5919,0.5792,0.5697,0.0767,0.6127,0.6214,0.6019,0.8679,0.0511,0.0512,0.0514,
0.1013,0.0513,0.0519,0.0728,0.0513,0.1222,0.0519,0.0520,1.7410,0.0857,0.1260,0.0357,0.1035,0.7005,0.5879,0.5892,0.1376,0.1816,0.2311,0.1829,0.0604,0.0495,0.0495,0.1405,
0.0496,0.0500,0.0500,0.0498,0.0500,0.1395,0.1666,0.1765,0.1846,0.1391,0.1414,0.2719,0.7612,0.6311,0.7902,0.6486,0.5678,1.3161,4.8256,0.7534,0.6762,0.0616,0.0604,0.0590,
0.1370,0.0459,0.0460,0.0461,0.0464,0.0463,0.0461,0.0467,1.6605,0.0814,0.0946,0.0640,0.1554,0.1687,0.0631,0.1764,0.1555,0.1548,0.0640,0.7071,0.6820,0.6390,0.6284,0.1137,
0.0234,0.0237,0.1150,0.1185,0.1232,0.0874,0.0239,0.1625,0.0780,0.0748,0.0754,0.0758,0.0762,0.6487,0.6453,0.6404,0.6821,0.6705,1.4888,0.8849,0.5890,0.1345,0.2064,0.0727,
0.1615,0.0540,0.0540,0.1441,0.0542,0.0542,0.1547,0.1700,0.7074,0.6655,0.7356,0.7304,0.6895,0.5946,0.5982,0.5538,0.5820,0.6841,0.7462,0.2389,5.3546,0.6580,0.0596,0.2119,
0.1247,0.2124,0.0383,0.0351,0.0319,0.0318,0.0320,0.0320,0.1803,2.1491,0.7016,0.7598,0.6646,5.2815,0.6075,0.6476,0.6479,0.7230,0.7141,0.0541,0.1677,0.1293,0.0366,0.0318,
0.1452,0.0328,0.0323,0.0320,0.1228,0.1153,0.0240,0.0239,0.0241,0.0501,0.0500,0.0501,0.0502,0.0897,0.0968,0.1067,2.7076,0.2155,0.1274,0.1116,0.1614,0.0320,0.0374,0.0855,
0.0442,0.0386,0.0375,0.1235,0.0322,0.0326,0.0321,0.0325,0.0317,0.0313,0.1153,0.1142,0.2067,0.0232,0.0226,0.1111,0.0232,0.0908,0.1526,0.2002,0.1775,0.0234,0.0233,0.1778,
0.2027,4.8129,0.1954,0.2482,0.1943,0.1937,0.2819,0.1930,0.2571,0.2159,0.1320,0.0736,0.0732,0.6241,0.6488,0.6523,0.1227,0.2062,0.5364,0.5374,0.5233,0.1876,0.0992,0.1900,
0.1895,0.0983,0.0987,0.0995,0.0992,0.0990,0.0986,0.0989,4.7031,0.1517,0.0626,0.0626,0.6419,0.6181,0.6197,0.6227,0.6200,1.1082,0.2722,0.2245,0.2177,4.7992,0.1158,0.1154,
0.1272,0.0239,0.0258,0.0272,0.0231,0.1086,0.0232,0.1322,0.1116,0.2097,0.0286,0.0281,0.0283,0.1129,0.1154,0.4901,0.7784,0.6031,0.6644,0.5801,0.5588,0.5501,0.5434,0.0539,
0.0374,0.3990,0.0277,0.0282,0.1103,0.0282,0.0284,0.0347,0.0436,0.1042,0.1051,0.1877,0.8124,0.7899,0.5864,0.5931,0.0328,0.0290,0.1165,4.9784,0.2078,0.3591,0.6503,0.5641,
0.1355,0.1094,0.1184,0.0319,0.0329,0.0297,0.1164,0.0297,0.0364,0.0592,0.7385,0.7813,0.6761,0.0889,0.6306,0.2674,0.6436,0.0583,0.0591,0.1459,0.6370,0.5765,0.0506,0.1615,
0.0778,0.0508,0.0495,0.1353,0.1387,0.0501,0.0498,0.6455,0.0757,0.0675,0.0669,0.1529,0.6939,0.7242,0.6161,0.6043,0.5906,0.5852,1.5372,0.2434,0.1813,0.6345,0.1371,0.4498,
0.2344,0.1371,0.1330,0.0369,0.1307,0.0422,0.0418,0.0436,0.1384,0.1590,0.1565,2.4566,0.6757,0.5956,0.5946,0.6459,0.1978,0.8855,0.6330,0.6018,0.0931,0.1237,0.1157,0.1142,
0.1142,0.0457,0.0433,0.0375,0.0379,0.1247,0.0372,0.0374,0.1837,0.1795,0.0925,0.0929,0.0921,0.7567,0.6174,0.6100,0.4584,2.1826,0.7297,0.2557,0.6207,0.0917,0.0910,0.1458,
0.6041,0.0418,0.0364,0.0364,0.1248,0.0364,0.0362,0.0361,0.1038,0.1014,0.1480,0.0554,0.0540,0.0556,0.0554,0.1433,0.0558,0.6577,0.2835,0.2790,0.0949,0.1131,0.3042,0.1175,
0.1213,0.0696,0.0637,0.0601,0.0381,0.0378,0.0379,0.1270,0.1330,0.0550,0.0553,0.0557,0.0555,0.0556,0.0559,0.7441,0.7646,0.7660,0.1243,0.1367,0.1340,0.1336,0.1212,0.1297,
0.1246,0.1244,0.1230,0.1211,0.1186,0.1165,0.4406,0.1079,0.1375,0.2403,1.8722,0.1762,0.0955,0.1362,0.7463,4.7310,2.0222,0.6800,0.6906,0.2184,0.0861,0.2700,0.1822,0.1812,
0.0380,0.0367,0.0380,0.0378,0.0369,0.0372,0.0371,0.0371,0.0595,0.1189,0.0554,0.1557,0.0557,0.0557,0.7403,0.6984,0.6905,5.4581,0.6734,0.6476,0.6359,0.0363,0.0364,0.0364,
0.0362,0.0638,0.1259,0.0306,0.0305,0.0305,0.0306,0.0692,0.3857,0.0686,0.0685,0.0688,0.0688,0.7668,0.6649,0.6849,0.8067,0.7428,0.6301,0.2648,0.1838,0.1828,0.1823,0.1843,
0.0939,0.0931,0.0526,0.0526,0.0498,0.1291,0.0410,0.0409,0.0399,0.1839,0.0676,0.0669,0.0666,0.0666,0.0668,0.0669,0.0668,0.0667,0.0670,0.6184,0.7108,0.5361,0.6153,0.5197,
0.1516,0.2495,0.0358,0.0484,0.1259,0.0356,0.0359,0.0355,0.0353,0.0351,0.1561,1.3723,0.6909,0.6931,0.6610,0.6248,0.6328,0.7104,0.1218,0.1321,0.2147,0.7765,0.2711,0.1968,
0.0488,0.0485,0.1367,0.0363,0.0361,0.0363,0.0405,0.1066,0.1746,0.1668,0.0710,0.1649,0.0715,0.7593,0.6546,0.7575,0.6896,0.6792,0.6168,0.7452,0.5686,0.5594,0.5521,0.1163,
0.1169,0.1162,0.1169,0.1158,0.2187,0.1154,0.1161,0.0763,0.0714,0.2278,0.2092,0.6986,0.1031,0.1030,0.7031,0.2211,5.4814,0.8910,0.7381,0.7253,0.5839,0.5899,0.2334,0.1461,
0.1641,0.0419,0.0809,0.0517,0.0454,0.1335,0.0430,0.0507,0.0641,0.1827,0.1802,0.0898,0.0889,0.7004,0.7377,0.7915,5.3604,1.4119,1.2960,1.2841,1.2991,0.6758,0.6793,0.6746,
0.5714,0.0392,0.0396,0.0397,0.0395,0.0397,0.1315,0.6153,1.5475,0.6542,4.4685,0.6740,0.6841,0.1578,0.0659,0.0653,0.0660,1.2443,0.1958,0.6326,0.7175,0.5626,0.5514,0.5477,
0.6336,0.5279,0.5184,0.5143,0.5075,0.5972,0.5156,0.6563,0.6159,0.5888,0.5907,0.1363,0.6724,0.7290,0.0809,0.0790,0.2510,0.3004,0.2503,0.8328,0.6589,0.2970,0.0684,0.0393,
0.0359,0.1274,0.0357,0.0361,0.0358,0.2202,0.0357,0.2023,0.1795,0.1383,0.9007,5.2169,0.0931,0.0930,0.0937,0.2525,0.6238,0.1870,0.1778,0.2000,0.1020,0.1413,0.1410,0.2358,
0.1367,0.1393,0.1370,0.1368,0.1388,0.0964,0.1793,0.0824,0.1681,0.1692,0.1546,0.2381,0.0983,0.0983,0.0987,0.0988,0.3280,0.2661,0.2500,0.1566,0.1311,0.1947,0.1020,0.1019,
0.1017,0.1012,0.1923,0.1017,0.1014,0.1018,0.1018,0.1019,0.0660,0.0789,0.0786,0.0685,0.0927,0.0929,0.0923,0.1176,0.1595,0.6812,1.0012,0.0886,0.7236,0.5362,4.7169,0.0575,
0.0288,0.0278,0.0276,0.0276,0.1052,0.0277,0.0292,0.0400,0.0620,0.0534,0.0529,0.0530,0.5866,0.5704,0.0888,0.0534,0.2753,1.3666,0.6278,0.1477,0.1331,0.1240,0.1234,0.1238,
0.1230,0.1227,0.1236,0.2141,0.1239,0.1232,0.0760,0.1106,0.9523,0.8499,0.2272,4.7593,0.6205,0.6865,0.1348,0.1225,0.6698,0.1837,0.5455,0.5936,0.0665,0.0674,0.0670,0.5997,
0.5954,0.0663,0.0665,0.5957,0.5954,0.6636,0.1477,0.1465,0.2286,0.5612,0.1206,0.0450,0.0440,0.2258,0.0452,0.7440,0.7869,0.7562,0.7345,0.6323,0.1431,0.0935,0.0988,0.2069,
0.1863,0.1855,0.1853,0.0937,0.0949,0.0935,0.0946,0.3408,0.3772,0.1875,0.2769,0.8274,0.6866,0.1633,0.0465,0.1499,0.1368,0.7993,5.2041,0.1415,0.1226,0.2027,0.1428,0.1435,
0.1830,0.2267,0.2202,0.1343,0.0440,0.0438,0.0432,0.0435,0.0424,0.0433,0.7406,0.6552,0.1847,0.7012,0.1330,0.1323,0.7407,2.5405,1.6889,0.6897,0.6783,0.2369,0.1152,0.1039,
0.0989,0.0988,0.1010,0.0976,0.0972,0.1883,0.1892,0.0975,0.0973,0.1634,0.0892,0.1317,0.1341,0.0267,0.7042,0.6144,0.1775,0.1781,0.1501,0.2416,0.1245,0.0327,0.0292,0.0264,
0.0263,0.1182,0.0267,0.0269,0.0269,0.0275,0.1182,0.1569,0.1438,0.1454,0.0917,0.7267,0.6429,0.6357,0.6035,0.5842,0.6388,0.1716,5.2976,0.6619,0.1309,1.1324,0.6483,0.6548,
0.1202,0.1219,0.0678,0.0576,0.7874,0.7869,0.7873,0.7797,0.7343,0.7464,5.4619,1.1147,1.0992,0.6141,0.5893,0.2481,0.6766,1.2787,1.2570,0.9826,0.7174,0.6180,0.5643,0.0883,
0.6226,1.1035,0.6235,1.0982,0.6169,1.7861,0.0312,0.0270,0.0537,1.7171,5.2772,1.2746,0.6013,1.1244,0.6030,0.0545,0.0554,0.0541,0.0552,0.1504,0.5809,0.6670,0.8642,0.6676,
0.0360,0.0360,0.5688,0.0420,0.0432,0.1407,0.1345,0.1356,0.6057,0.6465,0.6698,0.6874,1.2410,5.4003,0.6744,1.2077,0.6878,1.5649,0.2809,5.8391,0.1037,0.0969,0.5718,0.1809,
0.4857,0.6237,0.0891,0.0891,0.5649,0.1216,0.0289,0.0291,0.0270,4.8347,0.6194,0.7309,1.2524,1.1301,0.7317,1.1440,0.6209,0.6622,0.8050,1.2095,0.6470,0.1327,0.0367,0.1323,
0.0407,0.0408,0.0419,0.0415,0.0722,0.0642,0.0581,0.0599,0.7185,0.0545,0.0551,0.7564,1.1462,1.1425,0.6537,0.7765,0.6668,0.6716,5.0000,0.1783,0.1118,0.1312,0.3920,0.2072,
0.7408,0.1148,0.1155,0.6499,0.1166,0.1145,0.1158,0.6450,0.6413,0.1180,0.3630,2.0763,0.7126,1.1150,0.1022,0.1029,0.6183,1.8938,0.1875,0.1571,0.1379,0.1248,0.1255,0.2163,
0.2274,0.1359,0.1279,0.1248,0.1262,0.1250,0.1270,0.1235,0.2248,0.2049,0.1647,0.0936,0.1822,0.0932,0.5856,1.8264,0.6256,0.6512,0.1152,0.7656,0.1160,0.1340,0.0416,0.0428,
0.1327,0.0420,0.0423,0.0425,0.1338,0.0441,0.0475,0.0456,0.0423,0.0288,0.0269,0.1276,0.7636,0.6416,0.6344,0.6054,0.6019,0.1140,0.6107,0.1077,0.0975,0.1160,0.1114,0.1116,
0.1116,0.2047,0.1565,0.0619,0.0588,0.0606,0.0585,0.0585,0.0583,0.0596,0.0574,0.6748,0.2017,0.6841,0.6075,0.5654,0.3129,0.1057,0.8228,0.7067,0.2093,0.1299,0.1651,0.0916,
0.0913,0.0922,0.0927,0.0966,0.0941,0.1852,0.0919,0.0921,0.0923,0.1815,0.1200,0.1353,0.6750,0.5815,1.1279,0.5557,0.0970,0.0401,0.0402,0.0298,1.1518,1.0774,1.0645,1.0553,
1.0600,1.0524,1.0503,1.1440,0.6267,0.6454,0.5797,0.6748,0.6546,0.1586,0.1267,0.1587,0.6531,0.6100,0.6036,0.1665,0.5533,2.2698,0.7162,0.7112,0.6583,0.6401,0.6293,0.0277,
0.0267,0.0279,0.0278,0.0419,0.0414,0.0337,0.0277,0.0284,0.0287,0.1205,0.1444,0.6516,0.8488,0.6938,0.5907,0.5847,0.0933,0.1819,0.2905,0.2154,0.1770,0.1301,0.1508,0.1553,
0.0530,0.0551,0.0362,0.0358,0.0376,0.0357,0.0365,0.0352,0.0358,0.0535,2.2511,0.2105,0.5756,0.5489,0.5479,5.7563,0.6326,0.2788,0.6984,0.6550,0.1008,0.0874,0.0558,0.0417,
0.0380,0.1278,0.0366,0.0366,0.0362,0.0365,0.1289,0.0536,0.1464,0.0530,0.2052,0.1145,0.1843,0.1841,0.1832,0.1787,0.2218,0.2418,0.1484,0.2566,0.2575,0.1620,0.1620,0.0545,
0.0539,0.0409,0.0396,0.0377,0.0380,0.0378,0.0361,0.0371,0.1157,0.1139,0.2200,0.1186,0.2141,0.1165,0.6489,0.1255,0.2698,0.8812,0.2777,1.2174,0.6692,0.7386,0.7282,0.6285,
0.0981,0.6269,0.0973,0.6287,0.6261,0.7140,0.1880,0.0618,0.1643,0.0613,0.0615,0.0611,0.1860,0.6786,1.1630,1.1509,0.1245,4.7519,0.1540,1.0769,0.5734,0.7044,0.6509,0.1138,
0.2042,0.2053,0.2066,0.2213,0.1130,0.1126,0.1123,0.1166,0.0697,0.0695,0.0692,0.1094,0.7649,0.7227,0.6407,0.7068,0.7029,1.0207,0.6602,0.1184,0.1120,0.5693,0.0975,0.1885,
0.1895,0.0964,0.0968,0.0972,0.0976,0.0976,0.0967,0.1866,4.9241,0.2366,0.6243,0.6445,0.6808,0.5827,0.6139,0.6336,0.6007,0.2303,0.2502,0.2535,0.2458,1.1472,0.0640,0.0456,
0.0417,0.0415,0.1363,0.1349,0.1345,0.1336,0.1337,0.1457,0.0464,0.1261,0.7356,5.3925,0.6935,0.1847,0.1843,0.0300,0.1257,0.1228,0.1223,0.7787,0.7939,0.8277,0.2799,0.2101,
0.2977,0.7418,0.1510,0.2349,0.1452,0.1451,0.1194,0.1302,0.2209,0.1201,0.1560,0.1560,1.0630,0.2453,0.7532,2.6311,0.8308,0.1739,0.3566,0.1735,0.2916,0.2912,0.2351,0.2504,
0.1690,0.2521,0.1529,0.1282,0.2203,0.1303,0.1301,0.2474,0.2011,0.1797,0.2948,0.2753,0.3216,0.5940,0.7580,0.7982,0.5270,1.5811,0.8129,0.8396,0.8249,0.3068,0.2287,0.2224,
0.2571,0.2561,0.1673,0.2505,0.1655,0.1655,0.1661,0.1647,0.2651,0.2564,0.2635,0.1809,0.1815,4.3246,0.2305,0.2363,0.2183,0.8590,0.3381,0.7468,0.7690,5.4886,0.2403,0.7746,
0.2690,0.1702,0.1373,0.1355,0.1608,0.2124,0.2763,1.6099,0.2763,0.3008,0.2819,0.1996,0.2797,0.2906,0.1814,0.2657,0.2809,3.2759,0.7077,0.3798,0.3411,0.3830,0.3954,0.1719,
0.2516,0.1640,0.2490,0.1640,0.1625,0.2515,0.1352,0.2785,0.2416,0.1975,0.2004,0.2235,0.2656,0.1797,0.1792,0.8205,5.5290,0.6208,0.3884,0.7776,0.3429,0.1340,0.0531,0.0529,
0.0530,0.0531,0.0528,0.0529,0.0529,0.1376,0.2087,0.0528,0.0528,0.0528,0.0531,0.0528,0.0526,0.0524,0.0525,0.1441,0.1383,0.1384,0.0525,0.0530,0.0529,0.0529,0.0530,0.1391,
0.1370,0.0527,0.0531,0.0530,0.0527,0.0530,0.0527,0.0528,0.0528,0.0527,0.0526,0.0526,0.0523,0.0523,0.0523,0.0523,0.1410,0.1422,0.0526,0.0526,0.0528,0.1408,0.1119,0.0531,
0.0527,0.0528,0.0530,0.0529,0.0529,0.0529,0.0529,0.0526,0.1257,0.1705,0.1449,0.1418,0.1395,0.1371,0.1379,0.0789,0.0529,0.0526,4.7982,0.3337,0.2423,4.8736,0.3118,0.1479,
0.1481,0.1477,0.2557,0.1631,0.1361,0.1364,0.1361,0.1703,0.2036,0.2456,0.3337,0.2522,0.2438,0.2435,0.3207,0.2296,0.2139,0.2979,0.2132,0.3018,0.3160,0.2416,0.3304,0.2437,
0.2606,0.2490,0.1763,0.1744,0.1525,0.1517,0.1530,1.6920,0.2817,0.1926,0.8883,0.2430,0.3153,0.2452,0.2699,0.1802,0.8494,5.5758,0.4090,0.2131,0.2381,0.2010,0.2903,0.6737,
0.6625,0.3405,0.2220,0.2256,0.1352,0.1257,0.1237,0.1227,0.1629,0.2521,0.1648,0.1629,6.1144,0.2087,0.2879,0.2007,0.7700,0.2943,4.8670,0.2001,4.9398,0.3126,0.3254,0.1464,
0.7775,0.6823,0.7651,0.7332,0.6834,0.1488,0.1508,0.1512,0.3627,0.2264,0.1397,0.2294,0.7861,0.7124,0.7945,0.7158,0.7941,0.6927,0.9480,0.3512,0.3577,0.2596,0.9562,0.9338,
0.7136,0.2739,0.1791,0.1908,0.1547,0.1540,0.1543,0.2475,0.1919,0.1577,0.2436,0.1572,0.1580,0.6543,0.5657,0.5701,0.3009,0.4195,0.7011,0.8811,0.2417,0.3351,0.2448,0.1429,
0.2223,0.1300,0.1271,0.2298,0.1292,0.2168,0.1276,0.1326,0.2857,0.6038,0.1731,0.7772,0.2879,0.2028,0.1893,0.2080,0.9519,1.4553,6.8591,0.3241,0.6948,0.2291,0.2325,0.3050,
0.1702,0.1626,0.1452,0.1406,0.1409,0.1918,0.2024,0.2613,0.2270,0.2263,0.2314,0.1500,0.1386,0.1386,0.1386,0.1384,0.2289,0.2267,0.1398,0.2454,0.2595,0.2866,0.1783,0.1780,
0.2586,0.1719,0.1711,0.1718,0.2587,0.2256,0.1726,4.8895,0.1554,0.1527,0.1527,0.1519,0.1521,0.1519,0.1514,0.2780,0.2679,0.2720,0.3133,0.3804,0.2801,0.2791,0.2104,0.2077,
0.2278,0.1393,0.2179,0.1277,0.1277,0.1276,0.1532,1.4807,0.2350,0.2300,0.1439,0.1444,0.1439,0.2336,0.2309,0.1442,0.1443,0.1449,4.9944,0.3245,0.2768,0.2699,0.2451,0.1781,
0.1373,0.1323,0.1320,0.1316,0.1321,0.1321,0.2174,3.1704,0.1440,0.2335,0.1459,0.1459,0.2342,0.1435,0.1435,0.2560,0.2947,0.2807,0.2061,0.2768,0.2682,0.2735,4.3361,0.1556,
0.1502,0.1498,4.7412,0.3317,0.2380,0.1493,0.1502,0.2701,0.1432,0.1427,0.1430,0.1425,0.1427,0.1424,0.1461,0.1424,0.1430,0.1442,0.2271,0.2482,0.2083,0.2166,0.2124,0.2262,
0.2782,0.1816,0.1785,0.1785,0.1769,0.1761,0.1757,1.6154,0.3591,0.2786,0.2028,0.1754,0.1752,0.2752,0.2532,0.2694,0.2706,0.2086,0.2159,0.3058,0.8936,0.3089,0.3060,0.2339,
0.1793,0.2661,0.3672,0.1844,0.1545,0.2403,0.2652,0.2625,0.1765,0.1826,0.3421,0.2772,0.2754,0.2625,0.2598,4.8324,0.2677,6.8078,5.4797,0.2055,0.3419,0.3104,0.3329,0.2677,
0.2138,0.3033,0.2903,0.2019,0.2916,0.2910,0.2029,0.1942,0.3663,0.9329,0.2068,0.1999,0.1993,1.5482,0.3190,0.2260,0.2094,0.2082,0.2067,0.8155,4.9067,0.1708,0.2638,0.2536,
0.1788,0.2796,0.2762,0.1834,0.1792,0.1806,0.2722,0.1829,0.2111,0.1331,0.2217,0.1335,0.1329,0.2203,0.1326,0.2193,0.2918,0.4319,1.4373,0.8522,0.7515,0.8386,0.7540,0.4579,
0.2132,0.2347,0.1964,0.1961,0.2840,0.1964,0.1973,1.0200,0.1439,0.2316,0.2295,0.1448,0.1431,0.1444,0.2316,0.1443,0.7002,0.2991,0.4129,0.2311,0.1945,0.1949,0.1943,0.3477,
0.2239,0.1359,0.2235,0.1356,0.1357,0.1369,0.1613,0.2504,0.1614,0.1613,0.1611,0.1622,0.1624,0.1613,0.1612,0.1623,2.7731,0.3272,0.6124,5.0656,0.3030,0.2997,0.3751,0.2665,
0.2165,0.1270,0.1273,0.2140,0.1905,0.1289,0.1276,0.4456,0.2495,0.1571,0.1565,0.1469,0.1439,0.1442,0.1426,0.1441,0.3144,0.2623,0.2706,0.2686,0.3196,0.3223,0.3126,0.2337,
0.1602,0.1431,0.1428,0.1427,0.1422,0.1426,0.1419,0.1425,0.1413,0.2001,0.3119,0.2311,0.1439,0.1442,0.3289,0.1181,0.1180,0.1200,1.5740,0.3532,0.2685,0.3524,0.2760,0.2662,
0.3214,0.2398,0.2083,0.2093,0.1254,0.1258,0.1991,0.2009,2.8274,0.2343,0.4298,2.4094,2.5069,0.2389,0.1592,0.2526,0.3312,0.2459,4.7890,0.3171,0.3090,0.2947,0.2187,0.2239,
0.3755,0.2772,0.2791,0.1930,0.1932,0.1932,0.1885,0.2720,0.2447,0.9535,0.2310,0.1920,0.1903,0.1900,0.2823,0.2845,0.2608,0.1912,0.1919,4.9327,0.3198,0.2960,5.0209,0.3711,
0.2033,0.2040,0.2056,0.1190,0.1192,0.1205,0.1193,0.1192,1.6279,0.1965,0.3016,0.2849,0.2820,0.1955,0.1950,0.3106,4.9753,0.3947,0.3454,0.3094,0.2933,1.9381,0.1640,0.1549,
0.1547,0.1546,0.1549,0.1546,0.1546,0.1562,0.1540,0.2363,0.1713,0.1775,0.3744,0.2425,0.2430,0.2389,0.2240,0.1518,0.1516,0.1525,0.2253,0.1296,0.1295,0.1293,0.1284,0.1920,
0.2094,0.2253,0.1243,0.1245,2.7251,0.1245,2.4506,0.3771,0.2053,0.1963,2.7717,2.7649,0.1934,0.2757,0.2768,0.4434,0.1929,0.2815,2.1398,0.2333,0.2270,0.1968,0.1431,0.2055,
0.2062,0.1286,0.1379,0.1863,2.7445,0.1398,0.1299,2.3454,1.3815,2.0094,2.0594,2.0254,2.8184,2.8716,0.2555,0.2252,0.2518,0.2935,2.0700,2.0280,0.1452,0.2861,0.3956,2.0647,
0.1942,2.0832,0.1279,0.1276,0.1278,0.2139,1.9957,0.1273,0.8772,2.7765,4.8331,0.2545,0.2549,0.2299,0.1908,5.4715,1.4558,0.2726,0.3196,0.3140,4.8948,0.2078,2.0999,2.2069,
2.1563,0.2434,0.2420,0.2409,0.2447,0.1576,0.1579,0.2422,0.1634,0.2388,0.3814,6.6925,0.2034,0.3482,0.3196,0.3229,0.7347,1.8916,0.3854,0.2445,0.2376,0.2337,0.2871,0.2717,
0.2373,0.1546,0.1569,0.1537,0.1540,0.1545,0.2390,0.2573,0.2142,2.1597,0.2481,0.1242,0.1241,0.1239,0.1243,8.6657,0.3542,0.3523,0.2820,0.2668,0.3456,0.3521,0.3806,0.3731,
0.1374,0.1312,0.1313,0.2175,0.1317,1.6549,0.2237,2.0775,1.3944,0.1514,0.2341,0.1483,0.1496,0.2383,0.1482,0.1733,4.8263,0.3307,0.4964,0.7848,0.7686,0.7986,0.8631,2.7916,
0.7005,0.6656,0.6740,0.6740,0.7681,0.6699,0.6653,0.6625,5.4501,5.4894,0.8302,0.2220,0.1847,0.1836,0.2699,0.1832,0.3970,0.2737,0.2267,0.2681,0.2599,0.1790,0.1781,0.2192,
2.2685,0.1610,4.6260,0.4931,0.1344,0.1377,2.7242,2.8198,2.0144,0.3842,0.3159,0.3053,0.3085,0.1977,0.1955,0.1952,2.8851,0.2648,4.8338,0.2073,0.2296,0.2922,0.2485,1.5746,
0.2293,2.0328,2.1263,0.2352,0.2554,0.2591,0.2317,4.7157,1.6853,0.2119,0.2336,0.2337,0.3060,0.2959,0.2868,0.8292,0.3013,0.8517,0.8548,0.8541,0.2912,0.7356,0.2422,0.7216,
2.3567,0.7375,2.6313,0.7199,0.7040,0.8890,2.5834,2.5489,0.6928,0.8349,7.2626,0.7247,0.7228,0.7232,0.8073,0.8070,5.4221,1.1271,5.4224,0.8600,0.8739,0.7502,0.3024,0.8191,
0.2290,0.2284,0.7586,0.7351,0.6710,0.1430,0.6772,0.7813,0.7793,0.4007,0.1945,0.1943,0.1949,0.2406,0.2405,2.1998,5.5024,0.3078,0.3283,4.9305,0.3023,0.3855,2.2309,2.1916,
2.1838,0.2095,0.1334,0.1332,0.2160,0.1305,0.1306,0.2434,3.3689,2.1852,5.4483,0.8605,0.8669,0.7515,0.8432,3.3662,0.3134,0.3523,0.2475,0.2846,0.3678,0.2926,0.3025,0.2582,
1.7793,2.0127,0.1328,1.9958,0.1351,0.1334,0.1358,0.9962,0.5965,0.9413,0.7829,2.7036,0.1717,2.7612,0.2598,0.2850,1.8681,0.5548,0.6704,0.3770,0.3141,0.3167,0.2991,0.3272,
0.2378,0.1411,0.1410,0.1421,0.1417,0.1420,0.1442,0.1690,0.1967,0.1940,0.2037,0.2912,2.0681,0.1743,0.2535,1.0266,0.2551,1.4861,5.6087,2.1282,0.7163,0.7063,0.7113,0.8194,
0.8380,2.1247,0.6883,0.7661,2.5416,0.6846,2.0166,0.1546,0.2425,2.0133,0.1575,0.1563,0.1672,0.2208,0.1570,0.1719,0.3694,5.5838,0.3508,0.3822,0.3781,4.9628,0.2376,0.2270,
0.2909,0.2642,0.2481,0.1598,0.3425,0.1593,0.1547,0.2564,0.1684,0.1693,0.1677,0.1678,2.0525,0.2550,0.2550,0.2554,0.2547,0.2546,0.2548,0.2555,0.2571,0.7004,2.1443,2.0236,
2.0414,0.1692,2.0375,2.0210,0.1682,0.1679,2.1232,0.1686,0.1688,2.0470,1.6074,0.2557,0.1672,0.1676,1.4489,0.1695,0.1692,2.2155,0.2734,2.8047,7.3333,0.9428,2.6308,0.8551,
3.3287,5.1385,0.8003,0.7649,0.6764,3.3270,2.7907,0.6778,0.2682,0.7025,0.2965,0.2758,0.3202,0.1404,0.1502,0.2724,0.9744,2.5589,0.2086,0.2087,4.9047,0.2440,0.2420,0.2512,
0.3396,1.3082,0.2435,0.2402,0.1568,0.1567,0.1563,0.1608,4.9266,0.2585,0.2666,0.1215,0.1212,0.1214,0.1217,0.1730,1.0228,0.2102,0.8785,1.3884,0.8417,0.2816,0.8171,0.2434,
0.7644,0.1443,0.1442,0.7577,0.6741,0.6671,0.1455,0.6989,0.6739,0.6698,0.8531,0.6757,0.6758,0.2569,0.2375,0.2417,0.3501,0.3029,4.9368,0.3378,0.2167,4.9030,0.3268,0.2369,
0.1332,0.1850,0.1281,0.1281,0.2147,0.1281,0.1275,0.2166,4.7709,0.1893,0.2958,0.2783,0.1898,0.1896,0.2824,0.1920,0.3523,0.2448,0.3088,0.3628,0.3127,0.3961,0.2231,0.2270,
0.1534,0.1539,0.1536,0.1556,0.1535,0.2516,0.2406,0.2880,0.2809,0.2694,0.2697,0.1841,0.2284,2.0899,0.2121,0.2107,0.2103,0.2989,0.3457,0.3842,0.2584,0.2456,0.3299,0.3622,
0.1449,0.1447,0.1449,0.2354,0.2337,0.2331,0.2325,0.1749,0.7594,0.7307,0.7305,0.7287,0.8255,0.8238,0.4095,0.7492,3.4085,0.2212,5.1033,0.2482,0.8223,0.3332,0.2448,0.2555,
0.2438,0.2396,0.1533,0.1535,0.1533,0.1536,0.1535,1.8520,0.1767,0.1990,0.2354,0.2356,0.2100,0.2091,0.2907,0.2908,4.3985,5.0117,4.6883,7.3752,0.8119,1.1383,0.2573,0.2423,
2.0424,1.4698,0.1429,0.1408,0.1325,0.1277,0.1283,0.2393,0.1545,6.0725,1.5245,1.1407,0.7484,0.7446,3.3383,0.2000,0.8117,1.4608,2.7382,5.4142,5.0656,0.8726,2.7899,4.2582,
0.8328,2.6203,2.5086,2.5331,2.5350,0.6520,0.6537,0.7670,0.7343,0.7352,0.7298,0.6842,0.6834,0.6849,0.6848,0.7533,3.6720,1.0085,5.5187,2.3544,2.6315,0.7682,0.8519,2.6844,
0.7705,0.6797,0.6805,0.6836,0.6777,0.6781,0.6849,0.6825,3.4882,3.4391,0.8549,0.8557,0.7646,0.8629,3.2731,5.3094,2.7663,5.4407,0.8873,0.7488,0.8135,0.7806,6.4917,0.8567,
2.9498,1.6437,3.2958,2.5352,0.7523,0.7711,2.6512,3.4004,2.6337,0.8930,0.6938,2.5649,0.6997,0.7027,3.3529,2.5576,1.5947,0.8638,0.7932,0.8011,3.4711,2.7716,0.8254,0.7566,
0.8011,2.5948,0.8026,2.6662,2.5621,0.7089,1.5744,0.7066,3.3048,3.3837,0.7536,2.1578,3.2775,4.1988,1.4762,1.4746,0.9685,1.2456,0.7687,3.4252,5.2509,0.7302,2.6747,5.0910,
0.7260,0.7123,0.7953,3.4359,2.8174,0.7126,0.7108,5.3598,7.9644,0.7026,0.7069,0.7091,0.7109,0.7009,3.2921,0.8245,2.1610,0.8228,3.3581,1.5813,0.7536,5.4558,4.7007,0.7602,
0.7995,5.1848,3.2696,0.7092,2.8916,2.6738,0.2902,3.3490,2.0691,5.4694,0.9613,2.7053,0.2096,0.4073,2.5601,0.7068,2.0185,0.2484,0.6909,0.6932,0.6762,5.5061,0.8003,1.0669,
4.5866,2.0118,1.5508,3.2665,0.6822,1.9978,3.2595,0.8160,0.1603,4.3051,0.4445,0.8017,0.7167,0.7102,0.1744,0.6876,0.8089,0.7258,0.7683,0.2637,0.8329,1.0866,0.9603,3.5008,
0.2350,2.7262,0.6937,4.6132,0.6610,0.2251,3.2491,0.3539,0.2207,0.7027,0.1457,0.1286,1.9789,0.2485,0.2153,0.2140,0.1274,0.1297,5.5138,0.7895,0.7816,0.7724,2.6130,0.8654,
2.5892,2.7369,0.6761,2.4403,2.5098,0.7202,0.7518,2.9328,2.6589,0.9517,0.7917,0.7035,5.3938,2.6372,0.7400,0.7385,0.7403,0.5061,0.4220,0.8360,3.3432,0.2683,0.2609,2.8412,
2.1824,0.2621,0.1843,0.2633,0.1724,2.0284,3.3406,0.1735,0.9374,0.7379,0.2114,0.8289,0.7325,0.7375,0.7384,0.8257,7.1267,0.8641,0.2859,0.8805,0.7328,0.7277,0.8182,0.7219,
0.6899,0.7836,0.6979,0.6976,0.6874,0.7721,0.6884,0.6905,1.9643,2.6101,0.8270,2.6234,0.2071,0.7622,2.6064,0.7298,0.2327,0.7539,0.2320,0.2465,0.7591,5.4729,0.7955,0.7445,
2.5125,0.7779,0.6929,0.6919,0.7837,0.6931,0.2185,0.1678,5.8341,0.7126,0.7139,0.7144,0.7997,0.7178,0.7182,0.7125,4.5360,2.6988,0.8026,0.9247,0.9046,0.7896,0.8664,0.7878,
0.7235,1.6833,2.6560,2.5573,0.7175,0.7257,2.5571,0.7297,0.7413,7.0949,7.9539,0.8544,0.1719,0.7805,0.1766,3.2738,0.6924,3.3966,0.7456,0.3364,5.3014,0.7191,0.1965,2.5622,
0.2303,0.2505,0.7593,3.2684,1.2323,0.1452,0.1456,3.3600,0.6853,5.5660,0.7119,3.7776,2.2856,0.3183,0.7376,2.7311,1.7922,0.2228,0.7698,2.6552,0.2491,0.8563,0.7745,5.4041,
0.8313,0.6610,0.6603,2.0983,0.6493,0.6445,0.6558,0.3977,5.1678,3.3215,0.7776,0.8227,3.2607,0.6977,2.7749,0.1731,0.7841,3.3279,1.0377,3.2875,7.3348,0.7656,0.8457,3.3577,
0.3550,2.6358,0.7659,2.6536,0.6767,1.7308,0.7665,0.2689,6.4453,0.6946,0.2530,0.6900,0.1673,2.6185,0.1668,0.1661,2.6404,0.2137,2.9038,3.4781,7.3461,3.4827,0.7915,0.7742,
0.8634,2.6099,2.8029,0.2484,2.5258,3.2208,5.0876,0.7645,1.3853,0.9077,0.7168,0.8036,0.8057,0.7239,0.7266,0.7257,5.4493,1.5125,1.2393,2.9151,0.9044,5.2752,3.4787,0.8591,
0.7796,3.3797,2.6994,3.3080,2.5552,5.2318,0.7284,0.7251,1.9266,4.7814,0.8026,0.7066,2.3151,0.7098,0.8034,0.2766,3.2788,0.3585,2.1166,0.7376,3.3862,0.2467,0.3441,0.3427,
0.8707,0.6822,3.2885,0.7625,0.1564,2.5174,5.1782,2.8229,0.1775,0.3126,6.0273,0.1651,2.0924,0.1208,0.1206,0.1207,0.2112,5.1262,3.3819,2.6132,0.2881,2.5852,0.5652,2.4108,
3.4028,1.4544,0.2542,2.5449,0.7757,3.2524,2.5348,2.8681,2.9794,1.5880,0.1915,4.9574,2.0706,0.1938,0.2905,4.6547,2.1269,3.4561,2.3066,0.8179,0.2249,0.8296,2.6130,3.2842,
3.4576,5.2300,2.7451,5.1694,2.7378,0.7592,4.5882,0.7638,5.1936,0.3758,2.6529,0.1759,0.2370,4.1823,0.2683,0.7998,0.8305,5.2703,0.8902,4.9048,3.4899,0.8710,0.8534,2.1085,
0.8691,3.3625,0.2445,2.5328,0.6852,5.0660,0.8709,2.8498,6.8199,3.2886,2.7749,0.7915,2.8280,2.0094,0.1610,1.5845,1.1285,5.0550,0.8460,0.2323,7.4925,2.8743,0.5908,0.6930,
4.1337,0.2767,0.2777,0.1903,2.5171,0.9536,1.0488,2.1295,5.6444,0.2040,0.9724,2.8101,2.7946,2.8138,2.7773,2.3928,7.5113,0.3635,1.2377,2.0478,2.4542,4.7816,0.3911,0.2075,
2.1138,2.7824,2.3659,2.8435,2.8622,2.7353,4.6247,2.4199,7.1054,3.2601,0.2323,1.0369,2.4172,0.7047,0.6892,0.1595,0.6791,2.0092,1.4600,0.8032,7.3838,0.8455,0.8487,2.7205,
0.8023,0.7566,0.7543,0.7615,2.6248,0.7556,0.7620,1.1702,0.7936,2.6859,0.7778,5.2478,0.7852,0.3402,2.2033,2.6216,1.2539,3.9244,2.2257,2.2061,2.2577,0.9283,3.3598,0.3602,
3.0022,0.9130,3.4207,0.2309,3.4626,2.5767,5.4658,3.3790,0.2552,1.4306,4.6982,0.3517,0.8759,2.1273,0.2637,0.2631,2.8280,1.1036,4.9982,0.3375,0.9699,0.4644,2.1826,3.4537,
2.7613,3.3047,0.6830,0.6808,3.3197,0.1593,0.6843,3.2401,2.0457,2.7138,0.9026,0.1725,2.5520,0.6953,0.7563,0.2376,0.1612,0.6863,0.2013,2.7242,0.3328,0.7957,0.2372,3.3400,
0.8842,0.3202,0.7224,0.2876,0.7946,0.7095,0.7134,0.1852,2.8234,4.8366,9.7513,2.7003,2.7595,2.1162,5.1485,3.2585,5.1006,3.3909,2.8298,3.3711,0.8894,0.9448,1.0608,3.4326,
5.3258,4.0404,0.7249,0.7237,0.7206,1.0388,0.3120,0.0270,0.0275,0.0292,0.1372,0.1480,0.0266,0.0277,0.0294,0.0289,0.0272,0.0280,0.0291,0.1136,0.0266,0.0271,0.0281,0.0262,
0.0261,0.0272,0.0274,0.0269,0.0280,0.0259,0.1177,0.0255,0.0261,0.0282,0.0290,0.0262,0.0272,0.0281,0.0280,0.0271,0.0282,2.1260,0.0281,0.0292,0.0274,0.0287,0.0282,0.0268,
0.0270,0.1155,0.0271,0.0275,0.0262,0.0269,0.0269,0.0283,0.0265,0.0272,0.0277,4.7273,0.0283,0.0274,0.0267,0.0282,0.0281,0.0284,0.2104,0.0260,0.0276,0.0277,0.0265,0.0264,
0.0272,0.0274,0.0274,0.0265,0.0285,0.0262,0.0280,0.0270,0.0281,0.0269,0.0275,0.0288,0.0275,0.0286,0.0272,0.0269,0.0282,0.0281,0.0263,0.0293,7.1187,9.7592,5.3551,5.3363,
5.0536,2.1156,1.0628,1.6287,3.1095,5.9423,2.2454,0.6596,3.2647,3.4910,4.9003,3.3572,3.3159,5.1815,3.3582,5.1136,2.7035,0.8796,0.4555,0.2377,4.6937,8.1049,0.3664,5.3487,
0.9930,3.2635,0.7760,0.6860,0.1669,0.6826,0.1620,3.3434,2.7867,0.3623,5.9498,0.8867,0.8682,2.6849,0.7546,0.7127,0.5761,3.3073,0.8941,3.4526,3.1915,0.7098,3.4232,3.3088,
2.0475,2.0824,0.8083,3.3798,5.0700,0.7079,2.5700,1.2845,0.8112,0.9794,6.7821,0.7670,7.1745,0.3582,3.7776,2.9124,3.4132,2.7482,4.1358,0.8086,4.8653,0.8728,0.8546,3.4309,
0.8671,4.7591,0.7996,2.5065,4.4153,2.4837,0.7150,0.7169,7.3191,5.2557,2.6979,0.7352,2.5955,0.7333,0.7325,0.7257,9.7244,1.0489,0.3373,5.4603,0.8609,0.7079,2.6234,3.3968,
5.1702,0.7579,0.8294,0.7431,0.7377,2.9308,0.6127,0.8343,0.8283,3.3166,0.8339,2.8335,0.7539,0.7504,0.7513,2.3303,0.8351,0.8800,2.1117,5.4671,2.4455,4.6772,0.8129,2.6133,
0.2687,0.7468,2.8958,3.3269,0.7358,3.3079,3.3444,0.2160,0.7460,7.9460,0.7486,2.8315,2.0046,0.7519,0.3103,0.8390,3.6440,0.7098,0.9140,4.8650,0.2650,3.1114,2.2454,0.2723,
0.2756,0.3334,0.2280,3.4340,0.2446,3.3013,0.1899,3.3752,0.5264,2.0714,0.7475,0.7354,0.7780,2.8602,0.7155,2.7753,4.3985,0.9489,0.4069,0.8265,0.8937,0.8619,0.8537,0.8810,
0.8804,0.8362,0.7376,0.7345,2.6129,0.7353,0.8369,5.3102,0.8368,5.3283,1.7530,0.7582,0.7560,0.7764,0.2624,8.5353,0.4757,5.4211,0.8795,10.1008,2.2015,2.6781,0.8172,0.9264,
2.8574,8.0326,5.3398,1.1869,2.7083,4.6742,3.3385,2.0672,3.3402,1.7630,5.4714,0.2984,3.2773,0.7816,0.7368,0.2097,6.8972,1.1354,3.3014,2.2718,4.3286,4.8952,0.2554,2.8707,
3.4181,3.1549,7.2914,0.2227,0.7469,0.3139,0.8328,4.8114,0.4913,2.0763,0.2082,2.4963,6.8075,0.2852,0.2608,2.5304,0.8477,3.9688,2.8665,5.4192,5.2502,0.2686,0.7728,2.7926,
2.8819,0.8061,1.8849,0.9170,1.6536,3.2927,3.4124,2.8735,3.3083,5.0404,3.3629,9.7677,5.2195,3.3507,0.7446,0.7480,0.7463,2.5882,0.6052,5.2537,0.7557,1.5199,2.6682,0.7168,
0.4280,2.6078,3.1084,3.4431,0.7764,2.8059,2.6623,0.8336,2.8148,5.3960,5.1798,1.7649,0.7221,2.1318,0.9208,3.3487,5.1657,5.2139,6.7914,0.8700,0.2793,0.2277,3.3327,3.4306,
0.8860,0.8362,2.5945,0.1990,0.1981,0.1987,0.7269,2.4527,0.1993,8.2231,0.8377,2.6263,0.7435,4.7989,2.0790,0.8414,2.5133,5.2336,2.6966,3.4403,9.7931,3.4324,0.7495,0.2341,
0.8131,3.4927,4.7860,0.7365,0.2073,0.9127,0.2080,1.3991,5.2128,4.8926,0.8382,2.1545,0.8361,2.6114,0.7546,0.7557,0.2280,2.7169,3.4144,0.7309,2.6283,0.7742,3.3658,3.3087,
3.9616,0.7296,2.5782,0.8144,0.8195,3.4167,0.8219,2.6258,0.7184,3.4259,3.4078,3.3623,3.3938,0.7517,0.7275,3.2840,5.2027,2.7146,3.4539,0.7632,3.2553,3.2787,3.3300,2.5650,
3.3807,2.6218,0.7757,2.2056,2.3127,3.2689,0.6746,4.3863,2.9971,3.2860,3.0132,0.9614,0.7411,2.1730,2.6113,0.7587,0.7762,4.9263,1.7603,1.4816,2.7365,3.9044,0.8071,3.3182,
5.1125,1.2669,5.2173,5.1552,3.3069,1.4942,1.4906,1.4501,1.4840,5.1938,5.3876,0.8279,3.7248,1.4993,3.2735,2.5806,2.6196,3.4034,3.4969,3.9583,0.8894,2.7668,3.4656,0.8558,
0.8738,0.7781,1.3215,1.5112,0.7336,3.3089,3.2750,2.5625,2.4060,0.7463,0.8355,5.1119,0.5833,0.7409,2.7798,2.8921,1.5988,4.1031,0.3871,2.8587,4.9670,0.7521,0.8374,0.4323,
0.8582,0.1938,0.7247,0.7244,0.7217,2.2928,3.2723,3.2636,5.2893,0.4534,0.7467,0.8118,0.7442,0.7347,0.5807,2.9021,2.7356,2.7726,9.1572,1.5973,1.5322,2.6852,4.8888,2.8169,
2.1454,5.0095,2.4359,3.4018,4.3861,2.4745,2.8587,1.1258,9.7697,3.4962,2.1782,0.2708,0.3590,2.7505,0.7974,2.6727,0.8765,2.9485,3.3687,3.3471,7.6831,4.0056,2.2744,2.7722,
